Workbook

Sheet D111
A1: Grupo | B1: D111
C3: Lunes | D3: Martes | E3: Miércoles | F3: Jueves | G3: Viernes | I3: Abrev | J3: Asignaturas | K3: Frec | L3: Faltan | M3: Asignadas | O3: Aulas
B4: Turno 1 | O4: Aula 1
L5: Total: | M5: =COUNTA(I4:I4) | O5: Aula 2
L6: Σ Frec: | M6: =SUM(K4:K4) | O6: Aula 3
B7: Turno 2 | O7: Aula 4
O8: Aula 5
O9: Aula 6
B10: Turno 3 | O10: Aula 7
O11: Aula 8
O12: Aula 9
O13: Lab
B14: Turno 4 | N14: Total: | O14: =COUNTA(O4:O13)
B17: Turno 5
B20: Turno 6
F23: Ocupados: | G23: =COUNTA(C4:G22)/3

Sheet D211
A1: Grupo | B1: D211
C3: Lunes | D3: Martes | E3: Miércoles | F3: Jueves | G3: Viernes | I3: Abrev | J3: Asignaturas | K3: Frec | L3: Faltan | M3: Asignadas | O3: Aulas
B4: Turno 1 | O4: Aula 1
L5: Total: | M5: =COUNTA(I4:I4) | O5: Aula 2
L6: Σ Frec: | M6: =SUM(K4:K4) | O6: Aula 3
B7: Turno 2 | O7: Aula 4
O8: Aula 5
O9: Aula 6
B10: Turno 3 | O10: Aula 7
O11: Aula 8
O12: Aula 9
O13: Lab
B14: Turno 4 | N14: Total: | O14: =COUNTA(O4:O13)
B17: Turno 5
B20: Turno 6
F23: Ocupados: | G23: =COUNTA(C4:G22)/3

Sheet C111
A1: Grupo | B1: C111
C3: Lunes | D3: Martes | E3: Miércoles | F3: Jueves | G3: Viernes | I3: Abrev | J3: Asignaturas | K3: Frec | L3: Faltan | M3: Asignadas | O3: Aulas
B4: Turno 1 | O4: Aula 1
L5: Total: | M5: =COUNTA(I4:I4) | O5: Aula 2
L6: Σ Frec: | M6: =SUM(K4:K4) | O6: Aula 3
B7: Turno 2 | O7: Aula 4
O8: Aula 5
O9: Aula 6
B10: Turno 3 | O10: Aula 7
O11: Aula 8
O12: Aula 9
O13: Lab
B14: Turno 4 | N14: Total: | O14: =COUNTA(O4:O13)
B17: Turno 5
B20: Turno 6
F23: Ocupados: | G23: =COUNTA(C4:G22)/3

Sheet Aulas
B1: Lunes | C1: Aula 1 | D1: Aula 2 | E1: Aula 3 | F1: Aula 4 | G1: Aula 5 | H1: Aula 6 | I1: Aula 7 | J1: Aula 8 | K1: Aula 9 | L1: Lab
B2: 1ro | C2: =SUBSTITUTE(TRIM((IF(D111!$C$5=C$1,D111!$B$1 & " ","") & IF(D211!$C$5=C$1,D211!$B$1 & " ","") & IF(C111!$C$5=C$1,C111!$B$1 & " ","")))," ",",") | D2: =SUBSTITUTE(TRIM((IF(D111!$C$5=D$1,D111!$B$1 & " ","") & IF(D211!$C$5=D$1,D211!$B$1 & " ","") & IF(C111!$C$5=D$1,C111!$B$1 & " ","")))," ",",") | E2: =SUBSTITUTE(TRIM((IF(D111!$C$5=E$1,D111!$B$1 & " ","") & IF(D211!$C$5=E$1,D211!$B$1 & " ","") & IF(C111!$C$5=E$1,C111!$B$1 & " ","")))," ",",") | F2: =SUBSTITUTE(TRIM((IF(D111!$C$5=F$1,D111!$B$1 & " ","") & IF(D211!$C$5=F$1,D211!$B$1 & " ","") & IF(C111!$C$5=F$1,C111!$B$1 & " ","")))," ",",") | G2: =SUBSTITUTE(TRIM((IF(D111!$C$5=G$1,D111!$B$1 & " ","") & IF(D211!$C$5=G$1,D211!$B$1 & " ","") & IF(C111!$C$5=G$1,C111!$B$1 & " ","")))," ",",") | H2: =SUBSTITUTE(TRIM((IF(D111!$C$5=H$1,D111!$B$1 & " ","") & IF(D211!$C$5=H$1,D211!$B$1 & " ","") & IF(C111!$C$5=H$1,C111!$B$1 & " ","")))," ",",") | I2: =SUBSTITUTE(TRIM((IF(D111!$C$5=I$1,D111!$B$1 & " ","") & IF(D211!$C$5=I$1,D211!$B$1 & " ","") & IF(C111!$C$5=I$1,C111!$B$1 & " ","")))," ",",") | J2: =SUBSTITUTE(TRIM((IF(D111!$C$5=J$1,D111!$B$1 & " ","") & IF(D211!$C$5=J$1,D211!$B$1 & " ","") & IF(C111!$C$5=J$1,C111!$B$1 & " ","")))," ",",") | ... L2: =SUBSTITUTE(TRIM((IF(D111!$C$5=L$1,D111!$B$1 & " ","") & IF(D211!$C$5=L$1,D211!$B$1 & " ","") & IF(C111!$C$5=L$1,C111!$B$1 & " ","")))," ",",")
B3: 2do | C3: =SUBSTITUTE(TRIM((IF(D111!$C$8=C$1,D111!$B$1 & " ","") & IF(D211!$C$8=C$1,D211!$B$1 & " ","") & IF(C111!$C$8=C$1,C111!$B$1 & " ","")))," ",",") | D3: =SUBSTITUTE(TRIM((IF(D111!$C$8=D$1,D111!$B$1 & " ","") & IF(D211!$C$8=D$1,D211!$B$1 & " ","") & IF(C111!$C$8=D$1,C111!$B$1 & " ","")))," ",",") | E3: =SUBSTITUTE(TRIM((IF(D111!$C$8=E$1,D111!$B$1 & " ","") & IF(D211!$C$8=E$1,D211!$B$1 & " ","") & IF(C111!$C$8=E$1,C111!$B$1 & " ","")))," ",",") | F3: =SUBSTITUTE(TRIM((IF(D111!$C$8=F$1,D111!$B$1 & " ","") & IF(D211!$C$8=F$1,D211!$B$1 & " ","") & IF(C111!$C$8=F$1,C111!$B$1 & " ","")))," ",",") | G3: =SUBSTITUTE(TRIM((IF(D111!$C$8=G$1,D111!$B$1 & " ","") & IF(D211!$C$8=G$1,D211!$B$1 & " ","") & IF(C111!$C$8=G$1,C111!$B$1 & " ","")))," ",",") | H3: =SUBSTITUTE(TRIM((IF(D111!$C$8=H$1,D111!$B$1 & " ","") & IF(D211!$C$8=H$1,D211!$B$1 & " ","") & IF(C111!$C$8=H$1,C111!$B$1 & " ","")))," ",",") | I3: =SUBSTITUTE(TRIM((IF(D111!$C$8=I$1,D111!$B$1 & " ","") & IF(D211!$C$8=I$1,D211!$B$1 & " ","") & IF(C111!$C$8=I$1,C111!$B$1 & " ","")))," ",",") | J3: =SUBSTITUTE(TRIM((IF(D111!$C$8=J$1,D111!$B$1 & " ","") & IF(D211!$C$8=J$1,D211!$B$1 & " ","") & IF(C111!$C$8=J$1,C111!$B$1 & " ","")))," ",",") | ... L3: =SUBSTITUTE(TRIM((IF(D111!$C$8=L$1,D111!$B$1 & " ","") & IF(D211!$C$8=L$1,D211!$B$1 & " ","") & IF(C111!$C$8=L$1,C111!$B$1 & " ","")))," ",",")
B4: 3ro | C4: =SUBSTITUTE(TRIM((IF(D111!$C$11=C$1,D111!$B$1 & " ","") & IF(D211!$C$11=C$1,D211!$B$1 & " ","") & IF(C111!$C$11=C$1,C111!$B$1 & " ","")))," ",",") | D4: =SUBSTITUTE(TRIM((IF(D111!$C$11=D$1,D111!$B$1 & " ","") & IF(D211!$C$11=D$1,D211!$B$1 & " ","") & IF(C111!$C$11=D$1,C111!$B$1 & " ","")))," ",",") | E4: =SUBSTITUTE(TRIM((IF(D111!$C$11=E$1,D111!$B$1 & " ","") & IF(D211!$C$11=E$1,D211!$B$1 & " ","") & IF(C111!$C$11=E$1,C111!$B$1 & " ","")))," ",",") | F4: =SUBSTITUTE(TRIM((IF(D111!$C$11=F$1,D111!$B$1 & " ","") & IF(D211!$C$11=F$1,D211!$B$1 & " ","") & IF(C111!$C$11=F$1,C111!$B$1 & " ","")))," ",",") | G4: =SUBSTITUTE(TRIM((IF(D111!$C$11=G$1,D111!$B$1 & " ","") & IF(D211!$C$11=G$1,D211!$B$1 & " ","") & IF(C111!$C$11=G$1,C111!$B$1 & " ","")))," ",",") | H4: =SUBSTITUTE(TRIM((IF(D111!$C$11=H$1,D111!$B$1 & " ","") & IF(D211!$C$11=H$1,D211!$B$1 & " ","") & IF(C111!$C$11=H$1,C111!$B$1 & " ","")))," ",",") | I4: =SUBSTITUTE(TRIM((IF(D111!$C$11=I$1,D111!$B$1 & " ","") & IF(D211!$C$11=I$1,D211!$B$1 & " ","") & IF(C111!$C$11=I$1,C111!$B$1 & " ","")))," ",",") | J4: =SUBSTITUTE(TRIM((IF(D111!$C$11=J$1,D111!$B$1 & " ","") & IF(D211!$C$11=J$1,D211!$B$1 & " ","") & IF(C111!$C$11=J$1,C111!$B$1 & " ","")))," ",",") | ... L4: =SUBSTITUTE(TRIM((IF(D111!$C$11=L$1,D111!$B$1 & " ","") & IF(D211!$C$11=L$1,D211!$B$1 & " ","") & IF(C111!$C$11=L$1,C111!$B$1 & " ","")))," ",",")
B5: 4to | C5: =SUBSTITUTE(TRIM((IF(D111!$C$15=C$1,D111!$B$1 & " ","") & IF(D211!$C$15=C$1,D211!$B$1 & " ","") & IF(C111!$C$15=C$1,C111!$B$1 & " ","")))," ",",") | D5: =SUBSTITUTE(TRIM((IF(D111!$C$15=D$1,D111!$B$1 & " ","") & IF(D211!$C$15=D$1,D211!$B$1 & " ","") & IF(C111!$C$15=D$1,C111!$B$1 & " ","")))," ",",") | E5: =SUBSTITUTE(TRIM((IF(D111!$C$15=E$1,D111!$B$1 & " ","") & IF(D211!$C$15=E$1,D211!$B$1 & " ","") & IF(C111!$C$15=E$1,C111!$B$1 & " ","")))," ",",") | F5: =SUBSTITUTE(TRIM((IF(D111!$C$15=F$1,D111!$B$1 & " ","") & IF(D211!$C$15=F$1,D211!$B$1 & " ","") & IF(C111!$C$15=F$1,C111!$B$1 & " ","")))," ",",") | G5: =SUBSTITUTE(TRIM((IF(D111!$C$15=G$1,D111!$B$1 & " ","") & IF(D211!$C$15=G$1,D211!$B$1 & " ","") & IF(C111!$C$15=G$1,C111!$B$1 & " ","")))," ",",") | H5: =SUBSTITUTE(TRIM((IF(D111!$C$15=H$1,D111!$B$1 & " ","") & IF(D211!$C$15=H$1,D211!$B$1 & " ","") & IF(C111!$C$15=H$1,C111!$B$1 & " ","")))," ",",") | I5: =SUBSTITUTE(TRIM((IF(D111!$C$15=I$1,D111!$B$1 & " ","") & IF(D211!$C$15=I$1,D211!$B$1 & " ","") & IF(C111!$C$15=I$1,C111!$B$1 & " ","")))," ",",") | J5: =SUBSTITUTE(TRIM((IF(D111!$C$15=J$1,D111!$B$1 & " ","") & IF(D211!$C$15=J$1,D211!$B$1 & " ","") & IF(C111!$C$15=J$1,C111!$B$1 & " ","")))," ",",") | ... L5: =SUBSTITUTE(TRIM((IF(D111!$C$15=L$1,D111!$B$1 & " ","") & IF(D211!$C$15=L$1,D211!$B$1 & " ","") & IF(C111!$C$15=L$1,C111!$B$1 & " ","")))," ",",")
B6: 5to | C6: =SUBSTITUTE(TRIM((IF(D111!$C$18=C$1,D111!$B$1 & " ","") & IF(D211!$C$18=C$1,D211!$B$1 & " ","") & IF(C111!$C$18=C$1,C111!$B$1 & " ","")))," ",",") | D6: =SUBSTITUTE(TRIM((IF(D111!$C$18=D$1,D111!$B$1 & " ","") & IF(D211!$C$18=D$1,D211!$B$1 & " ","") & IF(C111!$C$18=D$1,C111!$B$1 & " ","")))," ",",") | E6: =SUBSTITUTE(TRIM((IF(D111!$C$18=E$1,D111!$B$1 & " ","") & IF(D211!$C$18=E$1,D211!$B$1 & " ","") & IF(C111!$C$18=E$1,C111!$B$1 & " ","")))," ",",") | F6: =SUBSTITUTE(TRIM((IF(D111!$C$18=F$1,D111!$B$1 & " ","") & IF(D211!$C$18=F$1,D211!$B$1 & " ","") & IF(C111!$C$18=F$1,C111!$B$1 & " ","")))," ",",") | G6: =SUBSTITUTE(TRIM((IF(D111!$C$18=G$1,D111!$B$1 & " ","") & IF(D211!$C$18=G$1,D211!$B$1 & " ","") & IF(C111!$C$18=G$1,C111!$B$1 & " ","")))," ",",") | H6: =SUBSTITUTE(TRIM((IF(D111!$C$18=H$1,D111!$B$1 & " ","") & IF(D211!$C$18=H$1,D211!$B$1 & " ","") & IF(C111!$C$18=H$1,C111!$B$1 & " ","")))," ",",") | I6: =SUBSTITUTE(TRIM((IF(D111!$C$18=I$1,D111!$B$1 & " ","") & IF(D211!$C$18=I$1,D211!$B$1 & " ","") & IF(C111!$C$18=I$1,C111!$B$1 & " ","")))," ",",") | J6: =SUBSTITUTE(TRIM((IF(D111!$C$18=J$1,D111!$B$1 & " ","") & IF(D211!$C$18=J$1,D211!$B$1 & " ","") & IF(C111!$C$18=J$1,C111!$B$1 & " ","")))," ",",") | ... L6: =SUBSTITUTE(TRIM((IF(D111!$C$18=L$1,D111!$B$1 & " ","") & IF(D211!$C$18=L$1,D211!$B$1 & " ","") & IF(C111!$C$18=L$1,C111!$B$1 & " ","")))," ",",")
B7: 6to | C7: =SUBSTITUTE(TRIM((IF(D111!$C$21=C$1,D111!$B$1 & " ","") & IF(D211!$C$21=C$1,D211!$B$1 & " ","") & IF(C111!$C$21=C$1,C111!$B$1 & " ","")))," ",",") | D7: =SUBSTITUTE(TRIM((IF(D111!$C$21=D$1,D111!$B$1 & " ","") & IF(D211!$C$21=D$1,D211!$B$1 & " ","") & IF(C111!$C$21=D$1,C111!$B$1 & " ","")))," ",",") | E7: =SUBSTITUTE(TRIM((IF(D111!$C$21=E$1,D111!$B$1 & " ","") & IF(D211!$C$21=E$1,D211!$B$1 & " ","") & IF(C111!$C$21=E$1,C111!$B$1 & " ","")))," ",",") | F7: =SUBSTITUTE(TRIM((IF(D111!$C$21=F$1,D111!$B$1 & " ","") & IF(D211!$C$21=F$1,D211!$B$1 & " ","") & IF(C111!$C$21=F$1,C111!$B$1 & " ","")))," ",",") | G7: =SUBSTITUTE(TRIM((IF(D111!$C$21=G$1,D111!$B$1 & " ","") & IF(D211!$C$21=G$1,D211!$B$1 & " ","") & IF(C111!$C$21=G$1,C111!$B$1 & " ","")))," ",",") | H7: =SUBSTITUTE(TRIM((IF(D111!$C$21=H$1,D111!$B$1 & " ","") & IF(D211!$C$21=H$1,D211!$B$1 & " ","") & IF(C111!$C$21=H$1,C111!$B$1 & " ","")))," ",",") | I7: =SUBSTITUTE(TRIM((IF(D111!$C$21=I$1,D111!$B$1 & " ","") & IF(D211!$C$21=I$1,D211!$B$1 & " ","") & IF(C111!$C$21=I$1,C111!$B$1 & " ","")))," ",",") | J7: =SUBSTITUTE(TRIM((IF(D111!$C$21=J$1,D111!$B$1 & " ","") & IF(D211!$C$21=J$1,D211!$B$1 & " ","") & IF(C111!$C$21=J$1,C111!$B$1 & " ","")))," ",",") | ... L7: =SUBSTITUTE(TRIM((IF(D111!$C$21=L$1,D111!$B$1 & " ","") & IF(D211!$C$21=L$1,D211!$B$1 & " ","") & IF(C111!$C$21=L$1,C111!$B$1 & " ","")))," ",",")
B9: Martes | C9: Aula 1 | D9: Aula 2 | E9: Aula 3 | F9: Aula 4 | G9: Aula 5 | H9: Aula 6 | I9: Aula 7 | J9: Aula 8 | K9: Aula 9 | L9: Lab
B10: 1ro | C10: =SUBSTITUTE(TRIM((IF(D111!$D$5=C$9,D111!$B$1 & " ","") & IF(D211!$D$5=C$9,D211!$B$1 & " ","") & IF(C111!$D$5=C$9,C111!$B$1 & " ","")))," ",",") | D10: =SUBSTITUTE(TRIM((IF(D111!$D$5=D$9,D111!$B$1 & " ","") & IF(D211!$D$5=D$9,D211!$B$1 & " ","") & IF(C111!$D$5=D$9,C111!$B$1 & " ","")))," ",",") | E10: =SUBSTITUTE(TRIM((IF(D111!$D$5=E$9,D111!$B$1 & " ","") & IF(D211!$D$5=E$9,D211!$B$1 & " ","") & IF(C111!$D$5=E$9,C111!$B$1 & " ","")))," ",",") | F10: =SUBSTITUTE(TRIM((IF(D111!$D$5=F$9,D111!$B$1 & " ","") & IF(D211!$D$5=F$9,D211!$B$1 & " ","") & IF(C111!$D$5=F$9,C111!$B$1 & " ","")))," ",",") | G10: =SUBSTITUTE(TRIM((IF(D111!$D$5=G$9,D111!$B$1 & " ","") & IF(D211!$D$5=G$9,D211!$B$1 & " ","") & IF(C111!$D$5=G$9,C111!$B$1 & " ","")))," ",",") | H10: =SUBSTITUTE(TRIM((IF(D111!$D$5=H$9,D111!$B$1 & " ","") & IF(D211!$D$5=H$9,D211!$B$1 & " ","") & IF(C111!$D$5=H$9,C111!$B$1 & " ","")))," ",",") | I10: =SUBSTITUTE(TRIM((IF(D111!$D$5=I$9,D111!$B$1 & " ","") & IF(D211!$D$5=I$9,D211!$B$1 & " ","") & IF(C111!$D$5=I$9,C111!$B$1 & " ","")))," ",",") | J10: =SUBSTITUTE(TRIM((IF(D111!$D$5=J$9,D111!$B$1 & " ","") & IF(D211!$D$5=J$9,D211!$B$1 & " ","") & IF(C111!$D$5=J$9,C111!$B$1 & " ","")))," ",",") | ... L10: =SUBSTITUTE(TRIM((IF(D111!$D$5=L$9,D111!$B$1 & " ","") & IF(D211!$D$5=L$9,D211!$B$1 & " ","") & IF(C111!$D$5=L$9,C111!$B$1 & " ","")))," ",",")
B11: 2do | C11: =SUBSTITUTE(TRIM((IF(D111!$D$8=C$9,D111!$B$1 & " ","") & IF(D211!$D$8=C$9,D211!$B$1 & " ","") & IF(C111!$D$8=C$9,C111!$B$1 & " ","")))," ",",") | D11: =SUBSTITUTE(TRIM((IF(D111!$D$8=D$9,D111!$B$1 & " ","") & IF(D211!$D$8=D$9,D211!$B$1 & " ","") & IF(C111!$D$8=D$9,C111!$B$1 & " ","")))," ",",") | E11: =SUBSTITUTE(TRIM((IF(D111!$D$8=E$9,D111!$B$1 & " ","") & IF(D211!$D$8=E$9,D211!$B$1 & " ","") & IF(C111!$D$8=E$9,C111!$B$1 & " ","")))," ",",") | F11: =SUBSTITUTE(TRIM((IF(D111!$D$8=F$9,D111!$B$1 & " ","") & IF(D211!$D$8=F$9,D211!$B$1 & " ","") & IF(C111!$D$8=F$9,C111!$B$1 & " ","")))," ",",") | G11: =SUBSTITUTE(TRIM((IF(D111!$D$8=G$9,D111!$B$1 & " ","") & IF(D211!$D$8=G$9,D211!$B$1 & " ","") & IF(C111!$D$8=G$9,C111!$B$1 & " ","")))," ",",") | H11: =SUBSTITUTE(TRIM((IF(D111!$D$8=H$9,D111!$B$1 & " ","") & IF(D211!$D$8=H$9,D211!$B$1 & " ","") & IF(C111!$D$8=H$9,C111!$B$1 & " ","")))," ",",") | I11: =SUBSTITUTE(TRIM((IF(D111!$D$8=I$9,D111!$B$1 & " ","") & IF(D211!$D$8=I$9,D211!$B$1 & " ","") & IF(C111!$D$8=I$9,C111!$B$1 & " ","")))," ",",") | J11: =SUBSTITUTE(TRIM((IF(D111!$D$8=J$9,D111!$B$1 & " ","") & IF(D211!$D$8=J$9,D211!$B$1 & " ","") & IF(C111!$D$8=J$9,C111!$B$1 & " ","")))," ",",") | ... L11: =SUBSTITUTE(TRIM((IF(D111!$D$8=L$9,D111!$B$1 & " ","") & IF(D211!$D$8=L$9,D211!$B$1 & " ","") & IF(C111!$D$8=L$9,C111!$B$1 & " ","")))," ",",")
B12: 3ro | C12: =SUBSTITUTE(TRIM((IF(D111!$D$11=C$9,D111!$B$1 & " ","") & IF(D211!$D$11=C$9,D211!$B$1 & " ","") & IF(C111!$D$11=C$9,C111!$B$1 & " ","")))," ",",") | D12: =SUBSTITUTE(TRIM((IF(D111!$D$11=D$9,D111!$B$1 & " ","") & IF(D211!$D$11=D$9,D211!$B$1 & " ","") & IF(C111!$D$11=D$9,C111!$B$1 & " ","")))," ",",") | E12: =SUBSTITUTE(TRIM((IF(D111!$D$11=E$9,D111!$B$1 & " ","") & IF(D211!$D$11=E$9,D211!$B$1 & " ","") & IF(C111!$D$11=E$9,C111!$B$1 & " ","")))," ",",") | F12: =SUBSTITUTE(TRIM((IF(D111!$D$11=F$9,D111!$B$1 & " ","") & IF(D211!$D$11=F$9,D211!$B$1 & " ","") & IF(C111!$D$11=F$9,C111!$B$1 & " ","")))," ",",") | G12: =SUBSTITUTE(TRIM((IF(D111!$D$11=G$9,D111!$B$1 & " ","") & IF(D211!$D$11=G$9,D211!$B$1 & " ","") & IF(C111!$D$11=G$9,C111!$B$1 & " ","")))," ",",") | H12: =SUBSTITUTE(TRIM((IF(D111!$D$11=H$9,D111!$B$1 & " ","") & IF(D211!$D$11=H$9,D211!$B$1 & " ","") & IF(C111!$D$11=H$9,C111!$B$1 & " ","")))," ",",") | I12: =SUBSTITUTE(TRIM((IF(D111!$D$11=I$9,D111!$B$1 & " ","") & IF(D211!$D$11=I$9,D211!$B$1 & " ","") & IF(C111!$D$11=I$9,C111!$B$1 & " ","")))," ",",") | J12: =SUBSTITUTE(TRIM((IF(D111!$D$11=J$9,D111!$B$1 & " ","") & IF(D211!$D$11=J$9,D211!$B$1 & " ","") & IF(C111!$D$11=J$9,C111!$B$1 & " ","")))," ",",") | ... L12: =SUBSTITUTE(TRIM((IF(D111!$D$11=L$9,D111!$B$1 & " ","") & IF(D211!$D$11=L$9,D211!$B$1 & " ","") & IF(C111!$D$11=L$9,C111!$B$1 & " ","")))," ",",")
B13: 4to | C13: =SUBSTITUTE(TRIM((IF(D111!$D$15=C$9,D111!$B$1 & " ","") & IF(D211!$D$15=C$9,D211!$B$1 & " ","") & IF(C111!$D$15=C$9,C111!$B$1 & " ","")))," ",",") | D13: =SUBSTITUTE(TRIM((IF(D111!$D$15=D$9,D111!$B$1 & " ","") & IF(D211!$D$15=D$9,D211!$B$1 & " ","") & IF(C111!$D$15=D$9,C111!$B$1 & " ","")))," ",",") | E13: =SUBSTITUTE(TRIM((IF(D111!$D$15=E$9,D111!$B$1 & " ","") & IF(D211!$D$15=E$9,D211!$B$1 & " ","") & IF(C111!$D$15=E$9,C111!$B$1 & " ","")))," ",",") | F13: =SUBSTITUTE(TRIM((IF(D111!$D$15=F$9,D111!$B$1 & " ","") & IF(D211!$D$15=F$9,D211!$B$1 & " ","") & IF(C111!$D$15=F$9,C111!$B$1 & " ","")))," ",",") | G13: =SUBSTITUTE(TRIM((IF(D111!$D$15=G$9,D111!$B$1 & " ","") & IF(D211!$D$15=G$9,D211!$B$1 & " ","") & IF(C111!$D$15=G$9,C111!$B$1 & " ","")))," ",",") | H13: =SUBSTITUTE(TRIM((IF(D111!$D$15=H$9,D111!$B$1 & " ","") & IF(D211!$D$15=H$9,D211!$B$1 & " ","") & IF(C111!$D$15=H$9,C111!$B$1 & " ","")))," ",",") | I13: =SUBSTITUTE(TRIM((IF(D111!$D$15=I$9,D111!$B$1 & " ","") & IF(D211!$D$15=I$9,D211!$B$1 & " ","") & IF(C111!$D$15=I$9,C111!$B$1 & " ","")))," ",",") | J13: =SUBSTITUTE(TRIM((IF(D111!$D$15=J$9,D111!$B$1 & " ","") & IF(D211!$D$15=J$9,D211!$B$1 & " ","") & IF(C111!$D$15=J$9,C111!$B$1 & " ","")))," ",",") | ... L13: =SUBSTITUTE(TRIM((IF(D111!$D$15=L$9,D111!$B$1 & " ","") & IF(D211!$D$15=L$9,D211!$B$1 & " ","") & IF(C111!$D$15=L$9,C111!$B$1 & " ","")))," ",",")
B14: 5to | C14: =SUBSTITUTE(TRIM((IF(D111!$D$18=C$9,D111!$B$1 & " ","") & IF(D211!$D$18=C$9,D211!$B$1 & " ","") & IF(C111!$D$18=C$9,C111!$B$1 & " ","")))," ",",") | D14: =SUBSTITUTE(TRIM((IF(D111!$D$18=D$9,D111!$B$1 & " ","") & IF(D211!$D$18=D$9,D211!$B$1 & " ","") & IF(C111!$D$18=D$9,C111!$B$1 & " ","")))," ",",") | E14: =SUBSTITUTE(TRIM((IF(D111!$D$18=E$9,D111!$B$1 & " ","") & IF(D211!$D$18=E$9,D211!$B$1 & " ","") & IF(C111!$D$18=E$9,C111!$B$1 & " ","")))," ",",") | F14: =SUBSTITUTE(TRIM((IF(D111!$D$18=F$9,D111!$B$1 & " ","") & IF(D211!$D$18=F$9,D211!$B$1 & " ","") & IF(C111!$D$18=F$9,C111!$B$1 & " ","")))," ",",") | G14: =SUBSTITUTE(TRIM((IF(D111!$D$18=G$9,D111!$B$1 & " ","") & IF(D211!$D$18=G$9,D211!$B$1 & " ","") & IF(C111!$D$18=G$9,C111!$B$1 & " ","")))," ",",") | H14: =SUBSTITUTE(TRIM((IF(D111!$D$18=H$9,D111!$B$1 & " ","") & IF(D211!$D$18=H$9,D211!$B$1 & " ","") & IF(C111!$D$18=H$9,C111!$B$1 & " ","")))," ",",") | I14: =SUBSTITUTE(TRIM((IF(D111!$D$18=I$9,D111!$B$1 & " ","") & IF(D211!$D$18=I$9,D211!$B$1 & " ","") & IF(C111!$D$18=I$9,C111!$B$1 & " ","")))," ",",") | J14: =SUBSTITUTE(TRIM((IF(D111!$D$18=J$9,D111!$B$1 & " ","") & IF(D211!$D$18=J$9,D211!$B$1 & " ","") & IF(C111!$D$18=J$9,C111!$B$1 & " ","")))," ",",") | ... L14: =SUBSTITUTE(TRIM((IF(D111!$D$18=L$9,D111!$B$1 & " ","") & IF(D211!$D$18=L$9,D211!$B$1 & " ","") & IF(C111!$D$18=L$9,C111!$B$1 & " ","")))," ",",")
B15: 6to | C15: =SUBSTITUTE(TRIM((IF(D111!$D$21=C$9,D111!$B$1 & " ","") & IF(D211!$D$21=C$9,D211!$B$1 & " ","") & IF(C111!$D$21=C$9,C111!$B$1 & " ","")))," ",",") | D15: =SUBSTITUTE(TRIM((IF(D111!$D$21=D$9,D111!$B$1 & " ","") & IF(D211!$D$21=D$9,D211!$B$1 & " ","") & IF(C111!$D$21=D$9,C111!$B$1 & " ","")))," ",",") | E15: =SUBSTITUTE(TRIM((IF(D111!$D$21=E$9,D111!$B$1 & " ","") & IF(D211!$D$21=E$9,D211!$B$1 & " ","") & IF(C111!$D$21=E$9,C111!$B$1 & " ","")))," ",",") | F15: =SUBSTITUTE(TRIM((IF(D111!$D$21=F$9,D111!$B$1 & " ","") & IF(D211!$D$21=F$9,D211!$B$1 & " ","") & IF(C111!$D$21=F$9,C111!$B$1 & " ","")))," ",",") | G15: =SUBSTITUTE(TRIM((IF(D111!$D$21=G$9,D111!$B$1 & " ","") & IF(D211!$D$21=G$9,D211!$B$1 & " ","") & IF(C111!$D$21=G$9,C111!$B$1 & " ","")))," ",",") | H15: =SUBSTITUTE(TRIM((IF(D111!$D$21=H$9,D111!$B$1 & " ","") & IF(D211!$D$21=H$9,D211!$B$1 & " ","") & IF(C111!$D$21=H$9,C111!$B$1 & " ","")))," ",",") | I15: =SUBSTITUTE(TRIM((IF(D111!$D$21=I$9,D111!$B$1 & " ","") & IF(D211!$D$21=I$9,D211!$B$1 & " ","") & IF(C111!$D$21=I$9,C111!$B$1 & " ","")))," ",",") | J15: =SUBSTITUTE(TRIM((IF(D111!$D$21=J$9,D111!$B$1 & " ","") & IF(D211!$D$21=J$9,D211!$B$1 & " ","") & IF(C111!$D$21=J$9,C111!$B$1 & " ","")))," ",",") | ... L15: =SUBSTITUTE(TRIM((IF(D111!$D$21=L$9,D111!$B$1 & " ","") & IF(D211!$D$21=L$9,D211!$B$1 & " ","") & IF(C111!$D$21=L$9,C111!$B$1 & " ","")))," ",",")
B17: Miércoles | C17: Aula 1 | D17: Aula 2 | E17: Aula 3 | F17: Aula 4 | G17: Aula 5 | H17: Aula 6 | I17: Aula 7 | J17: Aula 8 | K17: Aula 9 | L17: Lab
B18: 1ro | C18: =SUBSTITUTE(TRIM((IF(D111!$E$5=C$17,D111!$B$1 & " ","") & IF(D211!$E$5=C$17,D211!$B$1 & " ","") & IF(C111!$E$5=C$17,C111!$B$1 & " ","")))," ",",") | D18: =SUBSTITUTE(TRIM((IF(D111!$E$5=D$17,D111!$B$1 & " ","") & IF(D211!$E$5=D$17,D211!$B$1 & " ","") & IF(C111!$E$5=D$17,C111!$B$1 & " ","")))," ",",") | E18: =SUBSTITUTE(TRIM((IF(D111!$E$5=E$17,D111!$B$1 & " ","") & IF(D211!$E$5=E$17,D211!$B$1 & " ","") & IF(C111!$E$5=E$17,C111!$B$1 & " ","")))," ",",") | F18: =SUBSTITUTE(TRIM((IF(D111!$E$5=F$17,D111!$B$1 & " ","") & IF(D211!$E$5=F$17,D211!$B$1 & " ","") & IF(C111!$E$5=F$17,C111!$B$1 & " ","")))," ",",") | G18: =SUBSTITUTE(TRIM((IF(D111!$E$5=G$17,D111!$B$1 & " ","") & IF(D211!$E$5=G$17,D211!$B$1 & " ","") & IF(C111!$E$5=G$17,C111!$B$1 & " ","")))," ",",") | H18: =SUBSTITUTE(TRIM((IF(D111!$E$5=H$17,D111!$B$1 & " ","") & IF(D211!$E$5=H$17,D211!$B$1 & " ","") & IF(C111!$E$5=H$17,C111!$B$1 & " ","")))," ",",") | I18: =SUBSTITUTE(TRIM((IF(D111!$E$5=I$17,D111!$B$1 & " ","") & IF(D211!$E$5=I$17,D211!$B$1 & " ","") & IF(C111!$E$5=I$17,C111!$B$1 & " ","")))," ",",") | J18: =SUBSTITUTE(TRIM((IF(D111!$E$5=J$17,D111!$B$1 & " ","") & IF(D211!$E$5=J$17,D211!$B$1 & " ","") & IF(C111!$E$5=J$17,C111!$B$1 & " ","")))," ",",") | ... L18: =SUBSTITUTE(TRIM((IF(D111!$E$5=L$17,D111!$B$1 & " ","") & IF(D211!$E$5=L$17,D211!$B$1 & " ","") & IF(C111!$E$5=L$17,C111!$B$1 & " ","")))," ",",")
B19: 2do | C19: =SUBSTITUTE(TRIM((IF(D111!$E$8=C$17,D111!$B$1 & " ","") & IF(D211!$E$8=C$17,D211!$B$1 & " ","") & IF(C111!$E$8=C$17,C111!$B$1 & " ","")))," ",",") | D19: =SUBSTITUTE(TRIM((IF(D111!$E$8=D$17,D111!$B$1 & " ","") & IF(D211!$E$8=D$17,D211!$B$1 & " ","") & IF(C111!$E$8=D$17,C111!$B$1 & " ","")))," ",",") | E19: =SUBSTITUTE(TRIM((IF(D111!$E$8=E$17,D111!$B$1 & " ","") & IF(D211!$E$8=E$17,D211!$B$1 & " ","") & IF(C111!$E$8=E$17,C111!$B$1 & " ","")))," ",",") | F19: =SUBSTITUTE(TRIM((IF(D111!$E$8=F$17,D111!$B$1 & " ","") & IF(D211!$E$8=F$17,D211!$B$1 & " ","") & IF(C111!$E$8=F$17,C111!$B$1 & " ","")))," ",",") | G19: =SUBSTITUTE(TRIM((IF(D111!$E$8=G$17,D111!$B$1 & " ","") & IF(D211!$E$8=G$17,D211!$B$1 & " ","") & IF(C111!$E$8=G$17,C111!$B$1 & " ","")))," ",",") | H19: =SUBSTITUTE(TRIM((IF(D111!$E$8=H$17,D111!$B$1 & " ","") & IF(D211!$E$8=H$17,D211!$B$1 & " ","") & IF(C111!$E$8=H$17,C111!$B$1 & " ","")))," ",",") | I19: =SUBSTITUTE(TRIM((IF(D111!$E$8=I$17,D111!$B$1 & " ","") & IF(D211!$E$8=I$17,D211!$B$1 & " ","") & IF(C111!$E$8=I$17,C111!$B$1 & " ","")))," ",",") | J19: =SUBSTITUTE(TRIM((IF(D111!$E$8=J$17,D111!$B$1 & " ","") & IF(D211!$E$8=J$17,D211!$B$1 & " ","") & IF(C111!$E$8=J$17,C111!$B$1 & " ","")))," ",",") | ... L19: =SUBSTITUTE(TRIM((IF(D111!$E$8=L$17,D111!$B$1 & " ","") & IF(D211!$E$8=L$17,D211!$B$1 & " ","") & IF(C111!$E$8=L$17,C111!$B$1 & " ","")))," ",",")
B20: 3ro | C20: =SUBSTITUTE(TRIM((IF(D111!$E$11=C$17,D111!$B$1 & " ","") & IF(D211!$E$11=C$17,D211!$B$1 & " ","") & IF(C111!$E$11=C$17,C111!$B$1 & " ","")))," ",",") | D20: =SUBSTITUTE(TRIM((IF(D111!$E$11=D$17,D111!$B$1 & " ","") & IF(D211!$E$11=D$17,D211!$B$1 & " ","") & IF(C111!$E$11=D$17,C111!$B$1 & " ","")))," ",",") | E20: =SUBSTITUTE(TRIM((IF(D111!$E$11=E$17,D111!$B$1 & " ","") & IF(D211!$E$11=E$17,D211!$B$1 & " ","") & IF(C111!$E$11=E$17,C111!$B$1 & " ","")))," ",",") | F20: =SUBSTITUTE(TRIM((IF(D111!$E$11=F$17,D111!$B$1 & " ","") & IF(D211!$E$11=F$17,D211!$B$1 & " ","") & IF(C111!$E$11=F$17,C111!$B$1 & " ","")))," ",",") | G20: =SUBSTITUTE(TRIM((IF(D111!$E$11=G$17,D111!$B$1 & " ","") & IF(D211!$E$11=G$17,D211!$B$1 & " ","") & IF(C111!$E$11=G$17,C111!$B$1 & " ","")))," ",",") | H20: =SUBSTITUTE(TRIM((IF(D111!$E$11=H$17,D111!$B$1 & " ","") & IF(D211!$E$11=H$17,D211!$B$1 & " ","") & IF(C111!$E$11=H$17,C111!$B$1 & " ","")))," ",",") | I20: =SUBSTITUTE(TRIM((IF(D111!$E$11=I$17,D111!$B$1 & " ","") & IF(D211!$E$11=I$17,D211!$B$1 & " ","") & IF(C111!$E$11=I$17,C111!$B$1 & " ","")))," ",",") | J20: =SUBSTITUTE(TRIM((IF(D111!$E$11=J$17,D111!$B$1 & " ","") & IF(D211!$E$11=J$17,D211!$B$1 & " ","") & IF(C111!$E$11=J$17,C111!$B$1 & " ","")))," ",",") | ... L20: =SUBSTITUTE(TRIM((IF(D111!$E$11=L$17,D111!$B$1 & " ","") & IF(D211!$E$11=L$17,D211!$B$1 & " ","") & IF(C111!$E$11=L$17,C111!$B$1 & " ","")))," ",",")
B21: 4to | C21: =SUBSTITUTE(TRIM((IF(D111!$E$15=C$17,D111!$B$1 & " ","") & IF(D211!$E$15=C$17,D211!$B$1 & " ","") & IF(C111!$E$15=C$17,C111!$B$1 & " ","")))," ",",") | D21: =SUBSTITUTE(TRIM((IF(D111!$E$15=D$17,D111!$B$1 & " ","") & IF(D211!$E$15=D$17,D211!$B$1 & " ","") & IF(C111!$E$15=D$17,C111!$B$1 & " ","")))," ",",") | E21: =SUBSTITUTE(TRIM((IF(D111!$E$15=E$17,D111!$B$1 & " ","") & IF(D211!$E$15=E$17,D211!$B$1 & " ","") & IF(C111!$E$15=E$17,C111!$B$1 & " ","")))," ",",") | F21: =SUBSTITUTE(TRIM((IF(D111!$E$15=F$17,D111!$B$1 & " ","") & IF(D211!$E$15=F$17,D211!$B$1 & " ","") & IF(C111!$E$15=F$17,C111!$B$1 & " ","")))," ",",") | G21: =SUBSTITUTE(TRIM((IF(D111!$E$15=G$17,D111!$B$1 & " ","") & IF(D211!$E$15=G$17,D211!$B$1 & " ","") & IF(C111!$E$15=G$17,C111!$B$1 & " ","")))," ",",") | H21: =SUBSTITUTE(TRIM((IF(D111!$E$15=H$17,D111!$B$1 & " ","") & IF(D211!$E$15=H$17,D211!$B$1 & " ","") & IF(C111!$E$15=H$17,C111!$B$1 & " ","")))," ",",") | I21: =SUBSTITUTE(TRIM((IF(D111!$E$15=I$17,D111!$B$1 & " ","") & IF(D211!$E$15=I$17,D211!$B$1 & " ","") & IF(C111!$E$15=I$17,C111!$B$1 & " ","")))," ",",") | J21: =SUBSTITUTE(TRIM((IF(D111!$E$15=J$17,D111!$B$1 & " ","") & IF(D211!$E$15=J$17,D211!$B$1 & " ","") & IF(C111!$E$15=J$17,C111!$B$1 & " ","")))," ",",") | ... L21: =SUBSTITUTE(TRIM((IF(D111!$E$15=L$17,D111!$B$1 & " ","") & IF(D211!$E$15=L$17,D211!$B$1 & " ","") & IF(C111!$E$15=L$17,C111!$B$1 & " ","")))," ",",")
B22: 5to | C22: =SUBSTITUTE(TRIM((IF(D111!$E$18=C$17,D111!$B$1 & " ","") & IF(D211!$E$18=C$17,D211!$B$1 & " ","") & IF(C111!$E$18=C$17,C111!$B$1 & " ","")))," ",",") | D22: =SUBSTITUTE(TRIM((IF(D111!$E$18=D$17,D111!$B$1 & " ","") & IF(D211!$E$18=D$17,D211!$B$1 & " ","") & IF(C111!$E$18=D$17,C111!$B$1 & " ","")))," ",",") | E22: =SUBSTITUTE(TRIM((IF(D111!$E$18=E$17,D111!$B$1 & " ","") & IF(D211!$E$18=E$17,D211!$B$1 & " ","") & IF(C111!$E$18=E$17,C111!$B$1 & " ","")))," ",",") | F22: =SUBSTITUTE(TRIM((IF(D111!$E$18=F$17,D111!$B$1 & " ","") & IF(D211!$E$18=F$17,D211!$B$1 & " ","") & IF(C111!$E$18=F$17,C111!$B$1 & " ","")))," ",",") | G22: =SUBSTITUTE(TRIM((IF(D111!$E$18=G$17,D111!$B$1 & " ","") & IF(D211!$E$18=G$17,D211!$B$1 & " ","") & IF(C111!$E$18=G$17,C111!$B$1 & " ","")))," ",",") | H22: =SUBSTITUTE(TRIM((IF(D111!$E$18=H$17,D111!$B$1 & " ","") & IF(D211!$E$18=H$17,D211!$B$1 & " ","") & IF(C111!$E$18=H$17,C111!$B$1 & " ","")))," ",",") | I22: =SUBSTITUTE(TRIM((IF(D111!$E$18=I$17,D111!$B$1 & " ","") & IF(D211!$E$18=I$17,D211!$B$1 & " ","") & IF(C111!$E$18=I$17,C111!$B$1 & " ","")))," ",",") | J22: =SUBSTITUTE(TRIM((IF(D111!$E$18=J$17,D111!$B$1 & " ","") & IF(D211!$E$18=J$17,D211!$B$1 & " ","") & IF(C111!$E$18=J$17,C111!$B$1 & " ","")))," ",",") | ... L22: =SUBSTITUTE(TRIM((IF(D111!$E$18=L$17,D111!$B$1 & " ","") & IF(D211!$E$18=L$17,D211!$B$1 & " ","") & IF(C111!$E$18=L$17,C111!$B$1 & " ","")))," ",",")
B23: 6to | C23: =SUBSTITUTE(TRIM((IF(D111!$E$21=C$17,D111!$B$1 & " ","") & IF(D211!$E$21=C$17,D211!$B$1 & " ","") & IF(C111!$E$21=C$17,C111!$B$1 & " ","")))," ",",") | D23: =SUBSTITUTE(TRIM((IF(D111!$E$21=D$17,D111!$B$1 & " ","") & IF(D211!$E$21=D$17,D211!$B$1 & " ","") & IF(C111!$E$21=D$17,C111!$B$1 & " ","")))," ",",") | E23: =SUBSTITUTE(TRIM((IF(D111!$E$21=E$17,D111!$B$1 & " ","") & IF(D211!$E$21=E$17,D211!$B$1 & " ","") & IF(C111!$E$21=E$17,C111!$B$1 & " ","")))," ",",") | F23: =SUBSTITUTE(TRIM((IF(D111!$E$21=F$17,D111!$B$1 & " ","") & IF(D211!$E$21=F$17,D211!$B$1 & " ","") & IF(C111!$E$21=F$17,C111!$B$1 & " ","")))," ",",") | G23: =SUBSTITUTE(TRIM((IF(D111!$E$21=G$17,D111!$B$1 & " ","") & IF(D211!$E$21=G$17,D211!$B$1 & " ","") & IF(C111!$E$21=G$17,C111!$B$1 & " ","")))," ",",") | H23: =SUBSTITUTE(TRIM((IF(D111!$E$21=H$17,D111!$B$1 & " ","") & IF(D211!$E$21=H$17,D211!$B$1 & " ","") & IF(C111!$E$21=H$17,C111!$B$1 & " ","")))," ",",") | I23: =SUBSTITUTE(TRIM((IF(D111!$E$21=I$17,D111!$B$1 & " ","") & IF(D211!$E$21=I$17,D211!$B$1 & " ","") & IF(C111!$E$21=I$17,C111!$B$1 & " ","")))," ",",") | J23: =SUBSTITUTE(TRIM((IF(D111!$E$21=J$17,D111!$B$1 & " ","") & IF(D211!$E$21=J$17,D211!$B$1 & " ","") & IF(C111!$E$21=J$17,C111!$B$1 & " ","")))," ",",") | ... L23: =SUBSTITUTE(TRIM((IF(D111!$E$21=L$17,D111!$B$1 & " ","") & IF(D211!$E$21=L$17,D211!$B$1 & " ","") & IF(C111!$E$21=L$17,C111!$B$1 & " ","")))," ",",")
B25: Jueves | C25: Aula 1 | D25: Aula 2 | E25: Aula 3 | F25: Aula 4 | G25: Aula 5 | H25: Aula 6 | I25: Aula 7 | J25: Aula 8 | K25: Aula 9 | L25: Lab
B26: 1ro | C26: =SUBSTITUTE(TRIM((IF(D111!$F$5=C$25,D111!$B$1 & " ","") & IF(D211!$F$5=C$25,D211!$B$1 & " ","") & IF(C111!$F$5=C$25,C111!$B$1 & " ","")))," ",",") | D26: =SUBSTITUTE(TRIM((IF(D111!$F$5=D$25,D111!$B$1 & " ","") & IF(D211!$F$5=D$25,D211!$B$1 & " ","") & IF(C111!$F$5=D$25,C111!$B$1 & " ","")))," ",",") | E26: =SUBSTITUTE(TRIM((IF(D111!$F$5=E$25,D111!$B$1 & " ","") & IF(D211!$F$5=E$25,D211!$B$1 & " ","") & IF(C111!$F$5=E$25,C111!$B$1 & " ","")))," ",",") | F26: =SUBSTITUTE(TRIM((IF(D111!$F$5=F$25,D111!$B$1 & " ","") & IF(D211!$F$5=F$25,D211!$B$1 & " ","") & IF(C111!$F$5=F$25,C111!$B$1 & " ","")))," ",",") | G26: =SUBSTITUTE(TRIM((IF(D111!$F$5=G$25,D111!$B$1 & " ","") & IF(D211!$F$5=G$25,D211!$B$1 & " ","") & IF(C111!$F$5=G$25,C111!$B$1 & " ","")))," ",",") | H26: =SUBSTITUTE(TRIM((IF(D111!$F$5=H$25,D111!$B$1 & " ","") & IF(D211!$F$5=H$25,D211!$B$1 & " ","") & IF(C111!$F$5=H$25,C111!$B$1 & " ","")))," ",",") | I26: =SUBSTITUTE(TRIM((IF(D111!$F$5=I$25,D111!$B$1 & " ","") & IF(D211!$F$5=I$25,D211!$B$1 & " ","") & IF(C111!$F$5=I$25,C111!$B$1 & " ","")))," ",",") | J26: =SUBSTITUTE(TRIM((IF(D111!$F$5=J$25,D111!$B$1 & " ","") & IF(D211!$F$5=J$25,D211!$B$1 & " ","") & IF(C111!$F$5=J$25,C111!$B$1 & " ","")))," ",",") | ... L26: =SUBSTITUTE(TRIM((IF(D111!$F$5=L$25,D111!$B$1 & " ","") & IF(D211!$F$5=L$25,D211!$B$1 & " ","") & IF(C111!$F$5=L$25,C111!$B$1 & " ","")))," ",",")
B27: 2do | C27: =SUBSTITUTE(TRIM((IF(D111!$F$8=C$25,D111!$B$1 & " ","") & IF(D211!$F$8=C$25,D211!$B$1 & " ","") & IF(C111!$F$8=C$25,C111!$B$1 & " ","")))," ",",") | D27: =SUBSTITUTE(TRIM((IF(D111!$F$8=D$25,D111!$B$1 & " ","") & IF(D211!$F$8=D$25,D211!$B$1 & " ","") & IF(C111!$F$8=D$25,C111!$B$1 & " ","")))," ",",") | E27: =SUBSTITUTE(TRIM((IF(D111!$F$8=E$25,D111!$B$1 & " ","") & IF(D211!$F$8=E$25,D211!$B$1 & " ","") & IF(C111!$F$8=E$25,C111!$B$1 & " ","")))," ",",") | F27: =SUBSTITUTE(TRIM((IF(D111!$F$8=F$25,D111!$B$1 & " ","") & IF(D211!$F$8=F$25,D211!$B$1 & " ","") & IF(C111!$F$8=F$25,C111!$B$1 & " ","")))," ",",") | G27: =SUBSTITUTE(TRIM((IF(D111!$F$8=G$25,D111!$B$1 & " ","") & IF(D211!$F$8=G$25,D211!$B$1 & " ","") & IF(C111!$F$8=G$25,C111!$B$1 & " ","")))," ",",") | H27: =SUBSTITUTE(TRIM((IF(D111!$F$8=H$25,D111!$B$1 & " ","") & IF(D211!$F$8=H$25,D211!$B$1 & " ","") & IF(C111!$F$8=H$25,C111!$B$1 & " ","")))," ",",") | I27: =SUBSTITUTE(TRIM((IF(D111!$F$8=I$25,D111!$B$1 & " ","") & IF(D211!$F$8=I$25,D211!$B$1 & " ","") & IF(C111!$F$8=I$25,C111!$B$1 & " ","")))," ",",") | J27: =SUBSTITUTE(TRIM((IF(D111!$F$8=J$25,D111!$B$1 & " ","") & IF(D211!$F$8=J$25,D211!$B$1 & " ","") & IF(C111!$F$8=J$25,C111!$B$1 & " ","")))," ",",") | ... L27: =SUBSTITUTE(TRIM((IF(D111!$F$8=L$25,D111!$B$1 & " ","") & IF(D211!$F$8=L$25,D211!$B$1 & " ","") & IF(C111!$F$8=L$25,C111!$B$1 & " ","")))," ",",")
B28: 3ro | C28: =SUBSTITUTE(TRIM((IF(D111!$F$11=C$25,D111!$B$1 & " ","") & IF(D211!$F$11=C$25,D211!$B$1 & " ","") & IF(C111!$F$11=C$25,C111!$B$1 & " ","")))," ",",") | D28: =SUBSTITUTE(TRIM((IF(D111!$F$11=D$25,D111!$B$1 & " ","") & IF(D211!$F$11=D$25,D211!$B$1 & " ","") & IF(C111!$F$11=D$25,C111!$B$1 & " ","")))," ",",") | E28: =SUBSTITUTE(TRIM((IF(D111!$F$11=E$25,D111!$B$1 & " ","") & IF(D211!$F$11=E$25,D211!$B$1 & " ","") & IF(C111!$F$11=E$25,C111!$B$1 & " ","")))," ",",") | F28: =SUBSTITUTE(TRIM((IF(D111!$F$11=F$25,D111!$B$1 & " ","") & IF(D211!$F$11=F$25,D211!$B$1 & " ","") & IF(C111!$F$11=F$25,C111!$B$1 & " ","")))," ",",") | G28: =SUBSTITUTE(TRIM((IF(D111!$F$11=G$25,D111!$B$1 & " ","") & IF(D211!$F$11=G$25,D211!$B$1 & " ","") & IF(C111!$F$11=G$25,C111!$B$1 & " ","")))," ",",") | H28: =SUBSTITUTE(TRIM((IF(D111!$F$11=H$25,D111!$B$1 & " ","") & IF(D211!$F$11=H$25,D211!$B$1 & " ","") & IF(C111!$F$11=H$25,C111!$B$1 & " ","")))," ",",") | I28: =SUBSTITUTE(TRIM((IF(D111!$F$11=I$25,D111!$B$1 & " ","") & IF(D211!$F$11=I$25,D211!$B$1 & " ","") & IF(C111!$F$11=I$25,C111!$B$1 & " ","")))," ",",") | J28: =SUBSTITUTE(TRIM((IF(D111!$F$11=J$25,D111!$B$1 & " ","") & IF(D211!$F$11=J$25,D211!$B$1 & " ","") & IF(C111!$F$11=J$25,C111!$B$1 & " ","")))," ",",") | ... L28: =SUBSTITUTE(TRIM((IF(D111!$F$11=L$25,D111!$B$1 & " ","") & IF(D211!$F$11=L$25,D211!$B$1 & " ","") & IF(C111!$F$11=L$25,C111!$B$1 & " ","")))," ",",")
B29: 4to | C29: =SUBSTITUTE(TRIM((IF(D111!$F$15=C$25,D111!$B$1 & " ","") & IF(D211!$F$15=C$25,D211!$B$1 & " ","") & IF(C111!$F$15=C$25,C111!$B$1 & " ","")))," ",",") | D29: =SUBSTITUTE(TRIM((IF(D111!$F$15=D$25,D111!$B$1 & " ","") & IF(D211!$F$15=D$25,D211!$B$1 & " ","") & IF(C111!$F$15=D$25,C111!$B$1 & " ","")))," ",",") | E29: =SUBSTITUTE(TRIM((IF(D111!$F$15=E$25,D111!$B$1 & " ","") & IF(D211!$F$15=E$25,D211!$B$1 & " ","") & IF(C111!$F$15=E$25,C111!$B$1 & " ","")))," ",",") | F29: =SUBSTITUTE(TRIM((IF(D111!$F$15=F$25,D111!$B$1 & " ","") & IF(D211!$F$15=F$25,D211!$B$1 & " ","") & IF(C111!$F$15=F$25,C111!$B$1 & " ","")))," ",",") | G29: =SUBSTITUTE(TRIM((IF(D111!$F$15=G$25,D111!$B$1 & " ","") & IF(D211!$F$15=G$25,D211!$B$1 & " ","") & IF(C111!$F$15=G$25,C111!$B$1 & " ","")))," ",",") | H29: =SUBSTITUTE(TRIM((IF(D111!$F$15=H$25,D111!$B$1 & " ","") & IF(D211!$F$15=H$25,D211!$B$1 & " ","") & IF(C111!$F$15=H$25,C111!$B$1 & " ","")))," ",",") | I29: =SUBSTITUTE(TRIM((IF(D111!$F$15=I$25,D111!$B$1 & " ","") & IF(D211!$F$15=I$25,D211!$B$1 & " ","") & IF(C111!$F$15=I$25,C111!$B$1 & " ","")))," ",",") | J29: =SUBSTITUTE(TRIM((IF(D111!$F$15=J$25,D111!$B$1 & " ","") & IF(D211!$F$15=J$25,D211!$B$1 & " ","") & IF(C111!$F$15=J$25,C111!$B$1 & " ","")))," ",",") | ... L29: =SUBSTITUTE(TRIM((IF(D111!$F$15=L$25,D111!$B$1 & " ","") & IF(D211!$F$15=L$25,D211!$B$1 & " ","") & IF(C111!$F$15=L$25,C111!$B$1 & " ","")))," ",",")
B30: 5to | C30: =SUBSTITUTE(TRIM((IF(D111!$F$18=C$25,D111!$B$1 & " ","") & IF(D211!$F$18=C$25,D211!$B$1 & " ","") & IF(C111!$F$18=C$25,C111!$B$1 & " ","")))," ",",") | D30: =SUBSTITUTE(TRIM((IF(D111!$F$18=D$25,D111!$B$1 & " ","") & IF(D211!$F$18=D$25,D211!$B$1 & " ","") & IF(C111!$F$18=D$25,C111!$B$1 & " ","")))," ",",") | E30: =SUBSTITUTE(TRIM((IF(D111!$F$18=E$25,D111!$B$1 & " ","") & IF(D211!$F$18=E$25,D211!$B$1 & " ","") & IF(C111!$F$18=E$25,C111!$B$1 & " ","")))," ",",") | F30: =SUBSTITUTE(TRIM((IF(D111!$F$18=F$25,D111!$B$1 & " ","") & IF(D211!$F$18=F$25,D211!$B$1 & " ","") & IF(C111!$F$18=F$25,C111!$B$1 & " ","")))," ",",") | G30: =SUBSTITUTE(TRIM((IF(D111!$F$18=G$25,D111!$B$1 & " ","") & IF(D211!$F$18=G$25,D211!$B$1 & " ","") & IF(C111!$F$18=G$25,C111!$B$1 & " ","")))," ",",") | H30: =SUBSTITUTE(TRIM((IF(D111!$F$18=H$25,D111!$B$1 & " ","") & IF(D211!$F$18=H$25,D211!$B$1 & " ","") & IF(C111!$F$18=H$25,C111!$B$1 & " ","")))," ",",") | I30: =SUBSTITUTE(TRIM((IF(D111!$F$18=I$25,D111!$B$1 & " ","") & IF(D211!$F$18=I$25,D211!$B$1 & " ","") & IF(C111!$F$18=I$25,C111!$B$1 & " ","")))," ",",") | J30: =SUBSTITUTE(TRIM((IF(D111!$F$18=J$25,D111!$B$1 & " ","") & IF(D211!$F$18=J$25,D211!$B$1 & " ","") & IF(C111!$F$18=J$25,C111!$B$1 & " ","")))," ",",") | ... L30: =SUBSTITUTE(TRIM((IF(D111!$F$18=L$25,D111!$B$1 & " ","") & IF(D211!$F$18=L$25,D211!$B$1 & " ","") & IF(C111!$F$18=L$25,C111!$B$1 & " ","")))," ",",")
B31: 6to | C31: =SUBSTITUTE(TRIM((IF(D111!$F$21=C$25,D111!$B$1 & " ","") & IF(D211!$F$21=C$25,D211!$B$1 & " ","") & IF(C111!$F$21=C$25,C111!$B$1 & " ","")))," ",",") | D31: =SUBSTITUTE(TRIM((IF(D111!$F$21=D$25,D111!$B$1 & " ","") & IF(D211!$F$21=D$25,D211!$B$1 & " ","") & IF(C111!$F$21=D$25,C111!$B$1 & " ","")))," ",",") | E31: =SUBSTITUTE(TRIM((IF(D111!$F$21=E$25,D111!$B$1 & " ","") & IF(D211!$F$21=E$25,D211!$B$1 & " ","") & IF(C111!$F$21=E$25,C111!$B$1 & " ","")))," ",",") | F31: =SUBSTITUTE(TRIM((IF(D111!$F$21=F$25,D111!$B$1 & " ","") & IF(D211!$F$21=F$25,D211!$B$1 & " ","") & IF(C111!$F$21=F$25,C111!$B$1 & " ","")))," ",",") | G31: =SUBSTITUTE(TRIM((IF(D111!$F$21=G$25,D111!$B$1 & " ","") & IF(D211!$F$21=G$25,D211!$B$1 & " ","") & IF(C111!$F$21=G$25,C111!$B$1 & " ","")))," ",",") | H31: =SUBSTITUTE(TRIM((IF(D111!$F$21=H$25,D111!$B$1 & " ","") & IF(D211!$F$21=H$25,D211!$B$1 & " ","") & IF(C111!$F$21=H$25,C111!$B$1 & " ","")))," ",",") | I31: =SUBSTITUTE(TRIM((IF(D111!$F$21=I$25,D111!$B$1 & " ","") & IF(D211!$F$21=I$25,D211!$B$1 & " ","") & IF(C111!$F$21=I$25,C111!$B$1 & " ","")))," ",",") | J31: =SUBSTITUTE(TRIM((IF(D111!$F$21=J$25,D111!$B$1 & " ","") & IF(D211!$F$21=J$25,D211!$B$1 & " ","") & IF(C111!$F$21=J$25,C111!$B$1 & " ","")))," ",",") | ... L31: =SUBSTITUTE(TRIM((IF(D111!$F$21=L$25,D111!$B$1 & " ","") & IF(D211!$F$21=L$25,D211!$B$1 & " ","") & IF(C111!$F$21=L$25,C111!$B$1 & " ","")))," ",",")
B33: Viernes | C33: Aula 1 | D33: Aula 2 | E33: Aula 3 | F33: Aula 4 | G33: Aula 5 | H33: Aula 6 | I33: Aula 7 | J33: Aula 8 | K33: Aula 9 | L33: Lab
B34: 1ro | C34: =SUBSTITUTE(TRIM((IF(D111!$G$5=C$33,D111!$B$1 & " ","") & IF(D211!$G$5=C$33,D211!$B$1 & " ","") & IF(C111!$G$5=C$33,C111!$B$1 & " ","")))," ",",") | D34: =SUBSTITUTE(TRIM((IF(D111!$G$5=D$33,D111!$B$1 & " ","") & IF(D211!$G$5=D$33,D211!$B$1 & " ","") & IF(C111!$G$5=D$33,C111!$B$1 & " ","")))," ",",") | E34: =SUBSTITUTE(TRIM((IF(D111!$G$5=E$33,D111!$B$1 & " ","") & IF(D211!$G$5=E$33,D211!$B$1 & " ","") & IF(C111!$G$5=E$33,C111!$B$1 & " ","")))," ",",") | F34: =SUBSTITUTE(TRIM((IF(D111!$G$5=F$33,D111!$B$1 & " ","") & IF(D211!$G$5=F$33,D211!$B$1 & " ","") & IF(C111!$G$5=F$33,C111!$B$1 & " ","")))," ",",") | G34: =SUBSTITUTE(TRIM((IF(D111!$G$5=G$33,D111!$B$1 & " ","") & IF(D211!$G$5=G$33,D211!$B$1 & " ","") & IF(C111!$G$5=G$33,C111!$B$1 & " ","")))," ",",") | H34: =SUBSTITUTE(TRIM((IF(D111!$G$5=H$33,D111!$B$1 & " ","") & IF(D211!$G$5=H$33,D211!$B$1 & " ","") & IF(C111!$G$5=H$33,C111!$B$1 & " ","")))," ",",") | I34: =SUBSTITUTE(TRIM((IF(D111!$G$5=I$33,D111!$B$1 & " ","") & IF(D211!$G$5=I$33,D211!$B$1 & " ","") & IF(C111!$G$5=I$33,C111!$B$1 & " ","")))," ",",") | J34: =SUBSTITUTE(TRIM((IF(D111!$G$5=J$33,D111!$B$1 & " ","") & IF(D211!$G$5=J$33,D211!$B$1 & " ","") & IF(C111!$G$5=J$33,C111!$B$1 & " ","")))," ",",") | ... L34: =SUBSTITUTE(TRIM((IF(D111!$G$5=L$33,D111!$B$1 & " ","") & IF(D211!$G$5=L$33,D211!$B$1 & " ","") & IF(C111!$G$5=L$33,C111!$B$1 & " ","")))," ",",")
B35: 2do | C35: =SUBSTITUTE(TRIM((IF(D111!$G$8=C$33,D111!$B$1 & " ","") & IF(D211!$G$8=C$33,D211!$B$1 & " ","") & IF(C111!$G$8=C$33,C111!$B$1 & " ","")))," ",",") | D35: =SUBSTITUTE(TRIM((IF(D111!$G$8=D$33,D111!$B$1 & " ","") & IF(D211!$G$8=D$33,D211!$B$1 & " ","") & IF(C111!$G$8=D$33,C111!$B$1 & " ","")))," ",",") | E35: =SUBSTITUTE(TRIM((IF(D111!$G$8=E$33,D111!$B$1 & " ","") & IF(D211!$G$8=E$33,D211!$B$1 & " ","") & IF(C111!$G$8=E$33,C111!$B$1 & " ","")))," ",",") | F35: =SUBSTITUTE(TRIM((IF(D111!$G$8=F$33,D111!$B$1 & " ","") & IF(D211!$G$8=F$33,D211!$B$1 & " ","") & IF(C111!$G$8=F$33,C111!$B$1 & " ","")))," ",",") | G35: =SUBSTITUTE(TRIM((IF(D111!$G$8=G$33,D111!$B$1 & " ","") & IF(D211!$G$8=G$33,D211!$B$1 & " ","") & IF(C111!$G$8=G$33,C111!$B$1 & " ","")))," ",",") | H35: =SUBSTITUTE(TRIM((IF(D111!$G$8=H$33,D111!$B$1 & " ","") & IF(D211!$G$8=H$33,D211!$B$1 & " ","") & IF(C111!$G$8=H$33,C111!$B$1 & " ","")))," ",",") | I35: =SUBSTITUTE(TRIM((IF(D111!$G$8=I$33,D111!$B$1 & " ","") & IF(D211!$G$8=I$33,D211!$B$1 & " ","") & IF(C111!$G$8=I$33,C111!$B$1 & " ","")))," ",",") | J35: =SUBSTITUTE(TRIM((IF(D111!$G$8=J$33,D111!$B$1 & " ","") & IF(D211!$G$8=J$33,D211!$B$1 & " ","") & IF(C111!$G$8=J$33,C111!$B$1 & " ","")))," ",",") | ... L35: =SUBSTITUTE(TRIM((IF(D111!$G$8=L$33,D111!$B$1 & " ","") & IF(D211!$G$8=L$33,D211!$B$1 & " ","") & IF(C111!$G$8=L$33,C111!$B$1 & " ","")))," ",",")
B36: 3ro | C36: =SUBSTITUTE(TRIM((IF(D111!$G$11=C$33,D111!$B$1 & " ","") & IF(D211!$G$11=C$33,D211!$B$1 & " ","") & IF(C111!$G$11=C$33,C111!$B$1 & " ","")))," ",",") | D36: =SUBSTITUTE(TRIM((IF(D111!$G$11=D$33,D111!$B$1 & " ","") & IF(D211!$G$11=D$33,D211!$B$1 & " ","") & IF(C111!$G$11=D$33,C111!$B$1 & " ","")))," ",",") | E36: =SUBSTITUTE(TRIM((IF(D111!$G$11=E$33,D111!$B$1 & " ","") & IF(D211!$G$11=E$33,D211!$B$1 & " ","") & IF(C111!$G$11=E$33,C111!$B$1 & " ","")))," ",",") | F36: =SUBSTITUTE(TRIM((IF(D111!$G$11=F$33,D111!$B$1 & " ","") & IF(D211!$G$11=F$33,D211!$B$1 & " ","") & IF(C111!$G$11=F$33,C111!$B$1 & " ","")))," ",",") | G36: =SUBSTITUTE(TRIM((IF(D111!$G$11=G$33,D111!$B$1 & " ","") & IF(D211!$G$11=G$33,D211!$B$1 & " ","") & IF(C111!$G$11=G$33,C111!$B$1 & " ","")))," ",",") | H36: =SUBSTITUTE(TRIM((IF(D111!$G$11=H$33,D111!$B$1 & " ","") & IF(D211!$G$11=H$33,D211!$B$1 & " ","") & IF(C111!$G$11=H$33,C111!$B$1 & " ","")))," ",",") | I36: =SUBSTITUTE(TRIM((IF(D111!$G$11=I$33,D111!$B$1 & " ","") & IF(D211!$G$11=I$33,D211!$B$1 & " ","") & IF(C111!$G$11=I$33,C111!$B$1 & " ","")))," ",",") | J36: =SUBSTITUTE(TRIM((IF(D111!$G$11=J$33,D111!$B$1 & " ","") & IF(D211!$G$11=J$33,D211!$B$1 & " ","") & IF(C111!$G$11=J$33,C111!$B$1 & " ","")))," ",",") | ... L36: =SUBSTITUTE(TRIM((IF(D111!$G$11=L$33,D111!$B$1 & " ","") & IF(D211!$G$11=L$33,D211!$B$1 & " ","") & IF(C111!$G$11=L$33,C111!$B$1 & " ","")))," ",",")
B37: 4to | C37: =SUBSTITUTE(TRIM((IF(D111!$G$15=C$33,D111!$B$1 & " ","") & IF(D211!$G$15=C$33,D211!$B$1 & " ","") & IF(C111!$G$15=C$33,C111!$B$1 & " ","")))," ",",") | D37: =SUBSTITUTE(TRIM((IF(D111!$G$15=D$33,D111!$B$1 & " ","") & IF(D211!$G$15=D$33,D211!$B$1 & " ","") & IF(C111!$G$15=D$33,C111!$B$1 & " ","")))," ",",") | E37: =SUBSTITUTE(TRIM((IF(D111!$G$15=E$33,D111!$B$1 & " ","") & IF(D211!$G$15=E$33,D211!$B$1 & " ","") & IF(C111!$G$15=E$33,C111!$B$1 & " ","")))," ",",") | F37: =SUBSTITUTE(TRIM((IF(D111!$G$15=F$33,D111!$B$1 & " ","") & IF(D211!$G$15=F$33,D211!$B$1 & " ","") & IF(C111!$G$15=F$33,C111!$B$1 & " ","")))," ",",") | G37: =SUBSTITUTE(TRIM((IF(D111!$G$15=G$33,D111!$B$1 & " ","") & IF(D211!$G$15=G$33,D211!$B$1 & " ","") & IF(C111!$G$15=G$33,C111!$B$1 & " ","")))," ",",") | H37: =SUBSTITUTE(TRIM((IF(D111!$G$15=H$33,D111!$B$1 & " ","") & IF(D211!$G$15=H$33,D211!$B$1 & " ","") & IF(C111!$G$15=H$33,C111!$B$1 & " ","")))," ",",") | I37: =SUBSTITUTE(TRIM((IF(D111!$G$15=I$33,D111!$B$1 & " ","") & IF(D211!$G$15=I$33,D211!$B$1 & " ","") & IF(C111!$G$15=I$33,C111!$B$1 & " ","")))," ",",") | J37: =SUBSTITUTE(TRIM((IF(D111!$G$15=J$33,D111!$B$1 & " ","") & IF(D211!$G$15=J$33,D211!$B$1 & " ","") & IF(C111!$G$15=J$33,C111!$B$1 & " ","")))," ",",") | ... L37: =SUBSTITUTE(TRIM((IF(D111!$G$15=L$33,D111!$B$1 & " ","") & IF(D211!$G$15=L$33,D211!$B$1 & " ","") & IF(C111!$G$15=L$33,C111!$B$1 & " ","")))," ",",")
B38: 5to | C38: =SUBSTITUTE(TRIM((IF(D111!$G$18=C$33,D111!$B$1 & " ","") & IF(D211!$G$18=C$33,D211!$B$1 & " ","") & IF(C111!$G$18=C$33,C111!$B$1 & " ","")))," ",",") | D38: =SUBSTITUTE(TRIM((IF(D111!$G$18=D$33,D111!$B$1 & " ","") & IF(D211!$G$18=D$33,D211!$B$1 & " ","") & IF(C111!$G$18=D$33,C111!$B$1 & " ","")))," ",",") | E38: =SUBSTITUTE(TRIM((IF(D111!$G$18=E$33,D111!$B$1 & " ","") & IF(D211!$G$18=E$33,D211!$B$1 & " ","") & IF(C111!$G$18=E$33,C111!$B$1 & " ","")))," ",",") | F38: =SUBSTITUTE(TRIM((IF(D111!$G$18=F$33,D111!$B$1 & " ","") & IF(D211!$G$18=F$33,D211!$B$1 & " ","") & IF(C111!$G$18=F$33,C111!$B$1 & " ","")))," ",",") | G38: =SUBSTITUTE(TRIM((IF(D111!$G$18=G$33,D111!$B$1 & " ","") & IF(D211!$G$18=G$33,D211!$B$1 & " ","") & IF(C111!$G$18=G$33,C111!$B$1 & " ","")))," ",",") | H38: =SUBSTITUTE(TRIM((IF(D111!$G$18=H$33,D111!$B$1 & " ","") & IF(D211!$G$18=H$33,D211!$B$1 & " ","") & IF(C111!$G$18=H$33,C111!$B$1 & " ","")))," ",",") | I38: =SUBSTITUTE(TRIM((IF(D111!$G$18=I$33,D111!$B$1 & " ","") & IF(D211!$G$18=I$33,D211!$B$1 & " ","") & IF(C111!$G$18=I$33,C111!$B$1 & " ","")))," ",",") | J38: =SUBSTITUTE(TRIM((IF(D111!$G$18=J$33,D111!$B$1 & " ","") & IF(D211!$G$18=J$33,D211!$B$1 & " ","") & IF(C111!$G$18=J$33,C111!$B$1 & " ","")))," ",",") | ... L38: =SUBSTITUTE(TRIM((IF(D111!$G$18=L$33,D111!$B$1 & " ","") & IF(D211!$G$18=L$33,D211!$B$1 & " ","") & IF(C111!$G$18=L$33,C111!$B$1 & " ","")))," ",",")
B39: 6to | C39: =SUBSTITUTE(TRIM((IF(D111!$G$21=C$33,D111!$B$1 & " ","") & IF(D211!$G$21=C$33,D211!$B$1 & " ","") & IF(C111!$G$21=C$33,C111!$B$1 & " ","")))," ",",") | D39: =SUBSTITUTE(TRIM((IF(D111!$G$21=D$33,D111!$B$1 & " ","") & IF(D211!$G$21=D$33,D211!$B$1 & " ","") & IF(C111!$G$21=D$33,C111!$B$1 & " ","")))," ",",") | E39: =SUBSTITUTE(TRIM((IF(D111!$G$21=E$33,D111!$B$1 & " ","") & IF(D211!$G$21=E$33,D211!$B$1 & " ","") & IF(C111!$G$21=E$33,C111!$B$1 & " ","")))," ",",") | F39: =SUBSTITUTE(TRIM((IF(D111!$G$21=F$33,D111!$B$1 & " ","") & IF(D211!$G$21=F$33,D211!$B$1 & " ","") & IF(C111!$G$21=F$33,C111!$B$1 & " ","")))," ",",") | G39: =SUBSTITUTE(TRIM((IF(D111!$G$21=G$33,D111!$B$1 & " ","") & IF(D211!$G$21=G$33,D211!$B$1 & " ","") & IF(C111!$G$21=G$33,C111!$B$1 & " ","")))," ",",") | H39: =SUBSTITUTE(TRIM((IF(D111!$G$21=H$33,D111!$B$1 & " ","") & IF(D211!$G$21=H$33,D211!$B$1 & " ","") & IF(C111!$G$21=H$33,C111!$B$1 & " ","")))," ",",") | I39: =SUBSTITUTE(TRIM((IF(D111!$G$21=I$33,D111!$B$1 & " ","") & IF(D211!$G$21=I$33,D211!$B$1 & " ","") & IF(C111!$G$21=I$33,C111!$B$1 & " ","")))," ",",") | J39: =SUBSTITUTE(TRIM((IF(D111!$G$21=J$33,D111!$B$1 & " ","") & IF(D211!$G$21=J$33,D211!$B$1 & " ","") & IF(C111!$G$21=J$33,C111!$B$1 & " ","")))," ",",") | ... L39: =SUBSTITUTE(TRIM((IF(D111!$G$21=L$33,D111!$B$1 & " ","") & IF(D211!$G$21=L$33,D211!$B$1 & " ","") & IF(C111!$G$21=L$33,C111!$B$1 & " ","")))," ",",")
